{"cameraMode":{"drawMode":0,"name":"Shaded","section":"Shading Mode"},"sceneLighting":true,"audioPlay":false,"sceneViewState":{"m_AlwaysRefresh":false,"showFog":true,"showSkybox":true,"showFlares":true,"showImageEffects":true,"showParticleSystems":true,"showVisualEffectGraphs":true,"m_FxEnabled":false},"in2DMode":false,"pivot":{"x":25.169527053833009,"y":13.427961349487305,"z":10.692366600036621},"rotation":{"x":0.10357362776994705,"y":-0.894108772277832,"z":0.3402351140975952,"w":0.2721848487854004},"size":0.9904667139053345,"orthographic":false}